iter,acc,nmi,ari,f1_macro,f1_micro,precision_macro,precision_micro,acc_unconf,nmi_unconf,acc_conf,nmi_conf,nb_unconf,nb_conf,loss_recons,loss_clus,loss,nb_l,nb_f_l,nb_t_l,nb_added_link_unconf_unconf,nb_false_added_link_unconf_unconf,nb_true_added_link_unconf_unconf,nb_deleted_link_unconf_unconf,nb_false_deleted_link_unconf_unconf,nb_true_deleted_link_unconf_unconf
0,0.6793893129770993,0.4225581486124819,0.37468282488263494,0.678572249910474,0.6793893129770993,0.6982473544973545,0.6793893129770993,0.7948717948717948,0.7020291747567953,0.6304347826086957,0.3727101838758434,39,92,0.71072334,67.15762,67.86835,0,0,0,0,0,0,0,0,0
1,0.6946564885496184,0.4144189722017866,0.3690034275821268,0.6980424352099348,0.6946564885496184,0.7179047051140074,0.6946564885496184,0.8,0.6893770552260052,0.6483516483516484,0.3773360032954293,40,91,0.7097745,61.66149,62.371265,0,0,0,0,0,0,0,0,0
2,0.6641221374045801,0.4067113232125558,0.36527672644247544,0.6623052895902659,0.6641221374045801,0.6857232968881413,0.6641221374045801,0.775,0.6776317549902645,0.6153846153846154,0.36508678311565906,40,91,0.7078277,59.26124,59.969067,0,0,0,0,0,0,0,0,0
3,0.6793893129770993,0.4539180408519303,0.41193920193179556,0.6774077972956316,0.6793893129770993,0.6942532663948272,0.6793893129770993,0.8,0.6893770552260052,0.6263736263736264,0.40755032743540287,40,91,0.7082471,57.62513,58.333378,0,0,0,0,0,0,0,0,0
4,0.7099236641221374,0.4375190093661089,0.4054632102833944,0.7085901572969571,0.7099236641221375,0.7243890891524714,0.7099236641221374,0.775,0.6326574080104205,0.6813186813186813,0.4263755019500661,40,91,0.710351,63.430115,64.140465,0,0,0,0,0,0,0,0,0
5,0.7175572519083969,0.47616692788429055,0.43273967758847476,0.7153923038480761,0.7175572519083968,0.7332359623815641,0.7175572519083969,0.775,0.6776317549902645,0.6923076923076923,0.46568919111701496,40,91,0.7065947,58.488304,59.1949,0,0,0,0,0,0,0,0,0
6,0.7022900763358778,0.43624459219417355,0.3982685061650564,0.7031476057338126,0.7022900763358778,0.7225332352620681,0.7022900763358778,0.8,0.6893770552260052,0.6593406593406593,0.4060290307216747,40,91,0.7029084,65.960556,66.66347,0,0,0,0,0,0,0,0,0
7,0.6335877862595419,0.410824358391924,0.3650420062477551,0.6290077085481417,0.6335877862595419,0.6489516474112109,0.6335877862595419,0.7804878048780488,0.6528685450138417,0.5666666666666667,0.35538008773678725,41,90,0.70962393,48.5029,49.212524,0,0,0,0,0,0,0,0,0
8,0.6412213740458015,0.4215317858569302,0.3747925566253306,0.6362766391677154,0.6412213740458015,0.6633513929365437,0.6412213740458015,0.8048780487804879,0.6491837759174085,0.5666666666666667,0.3607936582334091,41,90,0.7084346,51.619946,52.32838,0,0,0,0,0,0,0,0,0
9,0.7022900763358778,0.4297402910916578,0.3964808929368122,0.7044808356156161,0.7022900763358778,0.7159188034188034,0.7022900763358778,0.8048780487804879,0.6491837759174085,0.6555555555555556,0.37766571846332336,41,90,0.70799595,55.834885,56.54288,0,0,0,0,0,0,0,0,0
10,0.6335877862595419,0.4111032784682879,0.36801438370263106,0.6263725490196078,0.6335877862595419,0.6591381002718212,0.6335877862595419,0.8048780487804879,0.6491837759174085,0.5555555555555556,0.3315744439038125,41,90,0.7200202,60.886185,61.606205,0,0,0,0,0,0,0,0,0
11,0.6641221374045801,0.42535565750234167,0.37845720867184496,0.6621734938046817,0.6641221374045801,0.6925840021956838,0.6641221374045801,0.8048780487804879,0.6491837759174085,0.6,0.35979255439475,41,90,0.70805067,57.432106,58.140156,0,0,0,0,0,0,0,0,0
12,0.6335877862595419,0.3756694782919382,0.320156505272186,0.6356444535525714,0.6335877862595419,0.6599386724386724,0.6335877862595419,0.7804878048780488,0.6528685450138417,0.5666666666666667,0.30634243178220194,41,90,0.7096128,62.452415,63.16203,0,0,0,0,0,0,0,0,0
13,0.6793893129770993,0.43537833715794116,0.39271415407796484,0.6772932330827068,0.6793893129770993,0.6962020537601933,0.6793893129770993,0.7804878048780488,0.6528685450138417,0.6333333333333333,0.37868493319387436,41,90,0.7134088,50.831127,51.544537,0,0,0,0,0,0,0,0,0
14,0.6259541984732825,0.3418404978128023,0.28916816029959214,0.6273558014755198,0.6259541984732825,0.6535905954510606,0.6259541984732825,0.8048780487804879,0.6491837759174085,0.5444444444444444,0.2557187786922907,41,90,0.7084016,62.987892,63.696293,0,0,0,0,0,0,0,0,0
15,0.6641221374045801,0.41584816571901134,0.37080238479908556,0.662550505050505,0.6641221374045801,0.6886835548172758,0.6641221374045801,0.8048780487804879,0.6491837759174085,0.6,0.34256718311337236,41,90,0.7131546,63.520367,64.23352,0,0,0,0,0,0,0,0,0
16,0.6870229007633588,0.4291189940949118,0.38180859754823676,0.6876768994835772,0.6870229007633588,0.7142715008568667,0.6870229007633588,0.8048780487804879,0.6491837759174085,0.6333333333333333,0.3713768725089004,41,90,0.71020234,58.141624,58.851826,0,0,0,0,0,0,0,0,0
17,0.6335877862595419,0.3892536211974603,0.33464239172687466,0.6335293416482299,0.6335877862595419,0.6542701863354037,0.6335877862595419,0.8048780487804879,0.6491837759174085,0.5555555555555556,0.31548252506816826,41,90,0.71183985,59.04873,59.76057,0,0,0,0,0,0,0,0,0
18,0.7022900763358778,0.43707337486523495,0.39467102371248536,0.7022550768746392,0.7022900763358778,0.7226430976430976,0.7022900763358778,0.7959183673469388,0.6477176182966211,0.6463414634146342,0.38611120236800156,49,82,0.7075584,55.040306,55.747864,0,0,0,0,0,0,0,0,0
19,0.6946564885496184,0.4510369765309589,0.39998011221891583,0.6911162809434608,0.6946564885496184,0.7127188029361942,0.6946564885496184,0.7959183673469388,0.6477176182966211,0.6341463414634146,0.4051450107140297,49,82,0.7068933,61.55229,62.259186,0,0,0,0,0,0,0,0,0
20,0.6793893129770993,0.43854168869254306,0.39616826702449115,0.6783838383838383,0.6793893129770993,0.704235880398671,0.6793893129770993,0.7959183673469388,0.6477176182966211,0.6097560975609756,0.37516614409424387,49,82,0.7077071,55.620747,56.328453,0,0,0,0,0,0,0,0,0
21,0.6412213740458015,0.3971236128996024,0.33785716015019035,0.639311215604319,0.6412213740458015,0.6704594017094017,0.6412213740458015,0.7755102040816326,0.6109135627100971,0.5609756097560976,0.3704632629974325,49,82,0.7132944,61.765167,62.478462,0,0,0,0,0,0,0,0,0
22,0.648854961832061,0.3808018073141047,0.32797564667258605,0.652231680318377,0.648854961832061,0.6755410451062626,0.648854961832061,0.7959183673469388,0.6477176182966211,0.5609756097560976,0.2769417385569058,49,82,0.70952445,59.271732,59.98126,0,0,0,0,0,0,0,0,0
23,0.7099236641221374,0.4356450001602826,0.40464751347153943,0.7107818223959674,0.7099236641221375,0.7281181524622304,0.7099236641221374,0.7959183673469388,0.6477176182966211,0.6585365853658537,0.38143229059280065,49,82,0.7055091,59.990524,60.696033,0,0,0,0,0,0,0,0,0
24,0.6412213740458015,0.37866312882570924,0.3177131316013981,0.6440224681421864,0.6412213740458015,0.6714477383082035,0.6412213740458015,0.7755102040816326,0.6149943875852504,0.5609756097560976,0.2989795090967977,49,82,0.70860565,55.290077,55.998684,0,0,0,0,0,0,0,0,0
25,0.6641221374045801,0.4120659208935549,0.36649883947813827,0.6630398973387132,0.6641221374045801,0.6867660343270099,0.6641221374045801,0.7755102040816326,0.6676444901597011,0.5975609756097561,0.34347913435926475,49,82,0.7077077,61.363617,62.071323,0,0,0,0,0,0,0,0,0
26,0.6335877862595419,0.4112683364676125,0.36209198363670975,0.6293987823439879,0.6335877862595419,0.6536558177917853,0.6335877862595419,0.7592592592592593,0.651676130908065,0.5584415584415584,0.3154334035820624,54,77,0.70648926,47.96412,48.67061,0,0,0,0,0,0,0,0,0
27,0.6641221374045801,0.42017358160591056,0.3724042482000838,0.662904286792352,0.6641221374045801,0.6821303696303695,0.6641221374045801,0.7777777777777778,0.644563820136368,0.5844155844155844,0.3238897434445365,54,77,0.7077263,64.7251,65.43282,0,0,0,0,0,0,0,0,0
28,0.648854961832061,0.42336465770987464,0.37892002103775196,0.6445875915053997,0.648854961832061,0.6659287134042817,0.648854961832061,0.7592592592592593,0.650658418753436,0.5714285714285714,0.35597822976874216,54,77,0.7104938,55.664623,56.37512,0,0,0,0,0,0,0,0,0
29,0.6946564885496184,0.412191019188559,0.37059181228496973,0.6946386946386947,0.6946564885496184,0.7127092352092352,0.6946564885496184,0.7592592592592593,0.650658418753436,0.6493506493506493,0.3604882363201936,54,77,0.70833176,67.393906,68.102234,0,0,0,0,0,0,0,0,0
30,0.6564885496183206,0.39860153952123273,0.3468774999106963,0.6549652325076054,0.6564885496183206,0.6736836533032186,0.6564885496183206,0.7777777777777778,0.644563820136368,0.5714285714285714,0.2972076370752807,54,77,0.71281135,63.572815,64.28563,0,0,0,0,0,0,0,0,0
31,0.6259541984732825,0.3756137091162687,0.32873192818855845,0.6201125214283109,0.6259541984732825,0.6514833206009677,0.6259541984732825,0.7592592592592593,0.651676130908065,0.5454545454545454,0.2741645633703914,54,77,0.711175,61.62156,62.332733,0,0,0,0,0,0,0,0,0
32,0.6641221374045801,0.40116526031605093,0.35663871598465,0.6639004139000387,0.6641221374045801,0.6845544786603328,0.6641221374045801,0.7592592592592593,0.651676130908065,0.6103896103896104,0.3313253299464891,54,77,0.708704,65.792946,66.50165,0,0,0,0,0,0,0,0,0
33,0.648854961832061,0.37916034587172864,0.3273957955800726,0.6501831843020367,0.648854961832061,0.6794265551048004,0.648854961832061,0.7962962962962963,0.6493540497659033,0.5454545454545454,0.27682120457545056,54,77,0.704931,62.61633,63.32126,0,0,0,0,0,0,0,0,0
34,0.6412213740458015,0.3831731488673205,0.3368852254054047,0.640120448196037,0.6412213740458015,0.6567479817479818,0.6412213740458015,0.7592592592592593,0.651676130908065,0.5714285714285714,0.2885770291154451,54,77,0.71355927,69.491104,70.204666,0,0,0,0,0,0,0,0,0
35,0.6564885496183206,0.40772943407887063,0.3614607714771353,0.6566666268106531,0.6564885496183206,0.6736301250918941,0.6564885496183206,0.7627118644067796,0.6045609864745661,0.5694444444444444,0.32685804101781674,59,72,0.71021575,52.824295,53.53451,0,0,0,0,0,0,0,0,0
36,0.6335877862595419,0.3764097284140303,0.3217408727035557,0.6287037037037037,0.6335877862595419,0.658155806182122,0.6335877862595419,0.7580645161290323,0.6358481166789491,0.5217391304347826,0.26492660977148735,62,69,0.7092409,57.567657,58.276897,0,0,0,0,0,0,0,0,0
37,0.6641221374045801,0.41310964854370263,0.36381928347266346,0.6612189280238168,0.6641221374045801,0.6815233409821754,0.6641221374045801,0.8225806451612904,0.6985622611964614,0.5217391304347826,0.2651840455260691,62,69,0.71485645,54.483284,55.19814,0,0,0,0,0,0,0,0,0
38,0.6717557251908397,0.4181251331463268,0.37431675660047375,0.668630866233606,0.6717557251908397,0.6929297328687574,0.6717557251908397,0.7903225806451613,0.6432838880931226,0.5652173913043478,0.31853070202902367,62,69,0.70524067,58.20277,58.908012,0,0,0,0,0,0,0,0,0
39,0.6564885496183206,0.3937318743531817,0.3402617715434903,0.657080550633774,0.6564885496183206,0.6818594514246689,0.6564885496183206,0.7903225806451613,0.6888366964658147,0.5362318840579711,0.25414543127619504,62,69,0.70910174,56.19406,56.903164,0,0,0,0,0,0,0,0,0
40,0.6641221374045801,0.38308353837314063,0.34000019377563306,0.6636324360252576,0.6641221374045801,0.6788021410114433,0.6641221374045801,0.8064516129032258,0.6919652978136549,0.5362318840579711,0.24021572054778628,62,69,0.7080551,59.094055,59.80211,0,0,0,0,0,0,0,0,0
41,0.7099236641221374,0.44140904392778574,0.4122492165108617,0.7099285802567227,0.7099236641221375,0.7249141876430205,0.7099236641221374,0.8064516129032258,0.6601977382747568,0.6231884057971014,0.348239067695813,62,69,0.708639,63.005486,63.714123,0,0,0,0,0,0,0,0,0
42,0.6870229007633588,0.47476531001518113,0.42166839299081615,0.6833332190498044,0.6870229007633588,0.7026720406030751,0.6870229007633588,0.7903225806451613,0.6888366964658147,0.5942028985507246,0.39443997444195655,62,69,0.7116872,50.276493,50.988182,0,0,0,0,0,0,0,0,0
43,0.7251908396946565,0.462007739074143,0.43132938397417664,0.7257740431661004,0.7251908396946565,0.7383619526269254,0.7251908396946565,0.8225806451612904,0.6985622611964614,0.6376811594202898,0.38197155465119403,62,69,0.7085191,57.409588,58.118107,0,0,0,0,0,0,0,0,0
44,0.648854961832061,0.39685189515724845,0.34030868531574865,0.6498437875510695,0.648854961832061,0.6806189948263118,0.648854961832061,0.8064516129032258,0.6919652978136549,0.5072463768115942,0.251858403936681,62,69,0.70328057,63.27436,63.977642,0,0,0,0,0,0,0,0,0
45,0.6870229007633588,0.46105466410824647,0.42063760915386933,0.683162768031189,0.6870229007633588,0.7094454887218045,0.6870229007633588,0.7903225806451613,0.6888366964658147,0.5942028985507246,0.3618990002187517,62,69,0.70514053,62.982063,63.687202,0,0,0,0,0,0,0,0,0
46,0.648854961832061,0.4151440184775291,0.36488406158264997,0.6439322716545947,0.648854961832061,0.6724843139316823,0.648854961832061,0.8064516129032258,0.6884408581485193,0.5652173913043478,0.30070710520100363,62,69,0.70541763,53.7509,54.456318,0,0,0,0,0,0,0,0,0
47,0.6946564885496184,0.42760862072982997,0.387676338689243,0.6957108340485363,0.6946564885496184,0.7152201589502756,0.6946564885496184,0.7903225806451613,0.6432838880931226,0.6086956521739131,0.345530669378322,62,69,0.70790136,60.541843,61.249744,0,0,0,0,0,0,0,0,0
48,0.6717557251908397,0.38855320776266483,0.3431513874344815,0.671628031645119,0.6717557251908397,0.6956325328418351,0.6717557251908397,0.7903225806451613,0.6884403685723953,0.5797101449275363,0.3042426185120622,62,69,0.70707726,57.509575,58.216652,0,0,0,0,0,0,0,0,0
49,0.6412213740458015,0.4273839318160668,0.38179224088064473,0.638836016596349,0.6412213740458015,0.6606134209281763,0.6412213740458015,0.7741935483870968,0.6503441832791218,0.5217391304347826,0.30958592101695104,62,69,0.71133333,60.83902,61.550354,0,0,0,0,0,0,0,0,0
50,0.7251908396946565,0.476529458541581,0.4435396435425185,0.7258215962441315,0.7251908396946565,0.739065934065934,0.7251908396946565,0.8225806451612904,0.6985622611964614,0.6376811594202898,0.3707786904944099,62,69,0.70922434,52.49542,53.204643,0,0,0,0,0,0,0,0,0
51,0.648854961832061,0.3888370577821097,0.3328726966608988,0.6491907348674,0.648854961832061,0.6786532384235164,0.648854961832061,0.7903225806451613,0.6857316597768934,0.5217391304347826,0.28944741926035267,62,69,0.70880365,47.524548,48.233353,0,0,0,0,0,0,0,0,0
52,0.6946564885496184,0.4234313970271949,0.3805457301427004,0.6941154890307433,0.6946564885496184,0.7122984749455337,0.6946564885496184,0.7714285714285715,0.5865790884812525,0.6065573770491803,0.3099908576540176,70,61,0.7106384,55.514347,56.224987,0,0,0,0,0,0,0,0,0
53,0.6641221374045801,0.40623164117013755,0.3595737739172042,0.6649986915668156,0.6641221374045801,0.6835563473288818,0.6641221374045801,0.8142857142857143,0.6453801020964598,0.4918032786885246,0.2418530814494618,70,61,0.7083852,53.616535,54.32492,0,0,0,0,0,0,0,0,0
54,0.6335877862595419,0.3856445637568404,0.3359734612203852,0.6345414624969,0.6335877862595419,0.6634015183243859,0.6335877862595419,0.7285714285714285,0.5812483056755348,0.5245901639344263,0.26573993879116553,70,61,0.71032584,55.787937,56.498264,0,0,0,0,0,0,0,0,0
55,0.6793893129770993,0.4116689339984679,0.3696083760615617,0.6816539586744763,0.6793893129770993,0.7005872063968015,0.6793893129770993,0.7857142857142857,0.6019813563545536,0.5573770491803278,0.2974531724558902,70,61,0.70748454,61.95286,62.660347,0,0,0,0,0,0,0,0,0
56,0.648854961832061,0.3972328602969087,0.34524762677167875,0.6466125835454328,0.648854961832061,0.6799603904867063,0.648854961832061,0.7428571428571429,0.616083923005325,0.5409836065573771,0.2688029848439639,70,61,0.7073415,54.887344,55.594685,0,0,0,0,0,0,0,0,0
57,0.6641221374045801,0.38846795251568106,0.3477094183238881,0.6650687712979149,0.6641221374045801,0.6800533943554539,0.6641221374045801,0.8,0.6424856944733474,0.5081967213114754,0.2304440266732622,70,61,0.70469815,51.293133,51.99783,0,0,0,0,0,0,0,0,0
58,0.6412213740458015,0.38182435422720934,0.3353446829632206,0.6385057300732125,0.6412213740458015,0.6641540773717304,0.6412213740458015,0.7285714285714285,0.5858470490347246,0.5409836065573771,0.2930686093660928,70,61,0.7104525,55.22574,55.93619,0,0,0,0,0,0,0,0,0
59,0.6259541984732825,0.3702943784079874,0.31892759393595543,0.6253247082699138,0.6259541984732825,0.6551858055518831,0.6259541984732825,0.7285714285714285,0.5808300266297058,0.5245901639344263,0.25755603278138983,70,61,0.7074099,57.223434,57.930843,0,0,0,0,0,0,0,0,0
60,0.6870229007633588,0.4160348589604774,0.3753320220577353,0.6868719543952708,0.6870229007633588,0.7066765762417936,0.6870229007633588,0.8,0.6424856944733474,0.5573770491803278,0.25283271683173547,70,61,0.71159065,63.16649,63.87808,0,0,0,0,0,0,0,0,0
61,0.6793893129770993,0.4605634388007536,0.4172844027728177,0.6734427795408795,0.6793893129770993,0.6893292682926829,0.6793893129770993,0.7571428571428571,0.5873276727165063,0.5901639344262295,0.37293688520698587,70,61,0.71003866,60.89005,61.600086,0,0,0,0,0,0,0,0,0
62,0.648854961832061,0.4105275302890963,0.36663608571431294,0.6484217716422204,0.648854961832061,0.6644788401253918,0.648854961832061,0.7428571428571429,0.5869508663793226,0.5409836065573771,0.2842794498820666,70,61,0.70787734,55.18828,55.896156,0,0,0,0,0,0,0,0,0
63,0.6717557251908397,0.4532528147277966,0.4137394857847708,0.6689996448060964,0.6717557251908397,0.6924812030075188,0.6717557251908397,0.7285714285714285,0.5808300266297058,0.6229508196721312,0.39018674969500544,70,61,0.70975244,54.266617,54.976368,0,0,0,0,0,0,0,0,0
64,0.6564885496183206,0.3896544563556121,0.3385643214819227,0.6585637823371988,0.6564885496183206,0.6800294612794613,0.6564885496183206,0.7428571428571429,0.6150568048707209,0.5573770491803278,0.24649412685007016,70,61,0.707556,57.154488,57.862045,0,0,0,0,0,0,0,0,0
65,0.6717557251908397,0.4433391255085892,0.3967869470787693,0.6692171717171718,0.6717557251908397,0.6944975083056479,0.6717557251908397,0.7428571428571429,0.5869508663793226,0.5901639344262295,0.3765682411292972,70,61,0.70510346,56.69207,57.397175,0,0,0,0,0,0,0,0,0
66,0.6717557251908397,0.398520243341932,0.35164973829294605,0.6720787434169677,0.6717557251908397,0.692691798941799,0.6717557251908397,0.7777777777777778,0.5721581687423178,0.5423728813559322,0.26619257979044414,72,59,0.7097801,59.787746,60.497528,0,0,0,0,0,0,0,0,0
67,0.6564885496183206,0.3773566401295432,0.3317515622973007,0.6552250190694127,0.6564885496183206,0.6754563004563005,0.6564885496183206,0.7361111111111112,0.5011577760440243,0.559322033898305,0.2730683321124116,72,59,0.7067667,63.706722,64.41349,0,0,0,0,0,0,0,0,0
68,0.7022900763358778,0.43030788808208925,0.3954695883143343,0.7040419704354131,0.7022900763358778,0.7181335398881038,0.7022900763358778,0.7777777777777778,0.5936099777827359,0.6101694915254238,0.35832643470880626,72,59,0.7057108,63.154015,63.859726,0,0,0,0,0,0,0,0,0
69,0.6717557251908397,0.4258575521252365,0.38490744676425126,0.6688178589548452,0.6717557251908397,0.6960202192946916,0.6717557251908397,0.7361111111111112,0.548352144814977,0.5932203389830508,0.34904749934312795,72,59,0.7120824,58.453728,59.16581,0,0,0,0,0,0,0,0,0
70,0.6259541984732825,0.36943654794876535,0.31817307857769306,0.6259218292391034,0.6259541984732825,0.6486159504452187,0.6259541984732825,0.75,0.5784665414743666,0.45454545454545453,0.2265493226610899,76,55,0.70839065,54.88093,55.58932,0,0,0,0,0,0,0,0,0
71,0.648854961832061,0.40092470833077265,0.36196694772029653,0.6448407983244049,0.648854961832061,0.6619355500821018,0.648854961832061,0.7692307692307693,0.6097216004500584,0.4716981132075472,0.19266485598258376,78,53,0.70941794,59.541496,60.250916,0,0,0,0,0,0,0,0,0
72,0.648854961832061,0.4020170964458796,0.34461852487801825,0.6470198028900274,0.648854961832061,0.6735346509282679,0.648854961832061,0.7435897435897436,0.5592906851752875,0.5094339622641509,0.2325837579516939,78,53,0.71327865,51.19808,51.911358,0,0,0,0,0,0,0,0,0
73,0.6335877862595419,0.3932836183123984,0.3503773606641148,0.6306532960561257,0.6335877862595419,0.6573461091753775,0.6335877862595419,0.717948717948718,0.527344445535601,0.5094339622641509,0.29224068277285536,78,53,0.7113487,59.457603,60.168953,0,0,0,0,0,0,0,0,0
74,0.6870229007633588,0.43026431517344627,0.3874197250560619,0.6878589170392448,0.6870229007633588,0.7026258625095835,0.6870229007633588,0.7407407407407407,0.5668534513458924,0.6,0.3279825621836268,81,50,0.7070262,53.735973,54.443,0,0,0,0,0,0,0,0,0
75,0.7251908396946565,0.4620716953109174,0.41978027808750634,0.724209924165501,0.7251908396946565,0.7395833333333333,0.7251908396946565,0.7777777777777778,0.5528311150625068,0.64,0.37634660526056013,81,50,0.71120805,57.256554,57.967762,0,0,0,0,0,0,0,0,0
76,0.6717557251908397,0.39766333435380696,0.3439902541389533,0.672981434778168,0.6717557251908397,0.7019171116196288,0.6717557251908397,0.7407407407407407,0.5037810130190881,0.56,0.3084819378610841,81,50,0.70771056,54.198547,54.906258,0,0,0,0,0,0,0,0,0
77,0.6946564885496184,0.4495960885031504,0.41022619339416105,0.6926768453564417,0.6946564885496184,0.711559832049006,0.6946564885496184,0.7777777777777778,0.5906639999816707,0.56,0.32014508572181344,81,50,0.7088148,54.540623,55.24944,0,0,0,0,0,0,0,0,0
78,0.6564885496183206,0.41405851265080196,0.36887495916111396,0.6538406900050735,0.6564885496183206,0.6818398449328085,0.6564885496183206,0.7160493827160493,0.535352985575506,0.56,0.3144489682487681,81,50,0.7124686,54.44414,55.15661,0,0,0,0,0,0,0,0,0
79,0.6412213740458015,0.3832464246546101,0.3417324237175584,0.6381147540983607,0.6412213740458015,0.6608117376440299,0.6412213740458015,0.7195121951219512,0.5591176689195521,0.5102040816326531,0.22755356403493132,82,49,0.7077562,56.024616,56.732372,0,0,0,0,0,0,0,0,0
80,0.6717557251908397,0.40666667912941695,0.36859948314708046,0.6725743784173339,0.6717557251908397,0.6873745819397993,0.6717557251908397,0.7317073170731707,0.5360696224185852,0.5714285714285714,0.27714161615401406,82,49,0.7102292,61.731186,62.441414,0,0,0,0,0,0,0,0,0
81,0.6717557251908397,0.39930914913310295,0.3575637065960736,0.6745439475467396,0.6717557251908397,0.689198969440905,0.6717557251908397,0.7804878048780488,0.5859518351077441,0.4897959183673469,0.29911726962469687,82,49,0.70720714,58.4498,59.157005,0,0,0,0,0,0,0,0,0
82,0.6717557251908397,0.4196401287560873,0.369860125344947,0.6726847675407186,0.6717557251908397,0.6978852327689538,0.6717557251908397,0.6951219512195121,0.5021322000533781,0.6326530612244898,0.3979163751326572,82,49,0.70877075,60.60829,61.317062,0,0,0,0,0,0,0,0,0
83,0.648854961832061,0.40654808757025235,0.36208587106452916,0.6489962816553619,0.648854961832061,0.6646244927729186,0.648854961832061,0.7073170731707317,0.527888247094503,0.5510204081632653,0.262302335693598,82,49,0.7094521,61.94062,62.650074,0,0,0,0,0,0,0,0,0
84,0.6717557251908397,0.4347120365874663,0.3910531466425775,0.6678849902534113,0.6717557251908397,0.6942669172932331,0.6717557251908397,0.7317073170731707,0.5500076815296436,0.5714285714285714,0.3697118369912551,82,49,0.7106933,64.41827,65.12896,0,0,0,0,0,0,0,0,0
85,0.6946564885496184,0.41894589199824717,0.3795424223320187,0.6952106106399314,0.6946564885496184,0.7144480519480519,0.6946564885496184,0.7804878048780488,0.5807521629307888,0.5510204081632653,0.25591755756042617,82,49,0.704823,55.752907,56.45773,0,0,0,0,0,0,0,0,0
86,0.6106870229007634,0.36730903963191275,0.31138316206166644,0.6077298563107645,0.6106870229007634,0.6418780193236715,0.6106870229007634,0.6951219512195121,0.5115902892255929,0.46938775510204084,0.23838116416869634,82,49,0.71244484,62.347855,63.0603,0,0,0,0,0,0,0,0,0
87,0.6564885496183206,0.4148139904200845,0.3679869092496697,0.6575450450450451,0.6564885496183206,0.6806547619047619,0.6564885496183206,0.7317073170731707,0.5140057745160036,0.5306122448979592,0.31038717067065014,82,49,0.7038008,63.557808,64.26161,0,0,0,0,0,0,0,0,0
88,0.6564885496183206,0.399809943992998,0.344836953151343,0.6534278685086192,0.6564885496183206,0.6850245499181669,0.6564885496183206,0.7560975609756098,0.5556211686523104,0.4897959183673469,0.23277324972653624,82,49,0.7105594,55.98179,56.69235,0,0,0,0,0,0,0,0,0
89,0.6641221374045801,0.3739080574251607,0.32984497727989454,0.6635297795450851,0.6641221374045801,0.6836333490303017,0.6641221374045801,0.6976744186046512,0.44383903645239764,0.6,0.3647164171386756,86,45,0.7118002,62.079716,62.791515,0,0,0,0,0,0,0,0,0
90,0.6946564885496184,0.42717737343599066,0.3872854740600969,0.6956003492513008,0.6946564885496184,0.7139119067472727,0.6946564885496184,0.7093023255813954,0.4798535314217469,0.6666666666666666,0.47183469414447365,86,45,0.70826894,56.26464,56.972908,0,0,0,0,0,0,0,0,0
91,0.6793893129770993,0.43301897617278673,0.3900827166157055,0.6759046763265664,0.6793893129770993,0.6974411603721948,0.6793893129770993,0.7209302325581395,0.505951268137665,0.6,0.3789860070997258,86,45,0.7124433,68.04825,68.76069,0,0,0,0,0,0,0,0,0
92,0.648854961832061,0.41702471276130504,0.372133684934648,0.6471654050481856,0.648854961832061,0.6696886446886448,0.648854961832061,0.6627906976744186,0.449345452298328,0.6444444444444445,0.44649531548419746,86,45,0.7062159,61.060135,61.76635,0,0,0,0,0,0,0,0,0
93,0.6717557251908397,0.42841083204672353,0.38280273121437264,0.6690866290018833,0.6717557251908397,0.6917527993109388,0.6717557251908397,0.7209302325581395,0.5039045286193435,0.5777777777777777,0.3770937869868187,86,45,0.70721906,63.352005,64.05923,0,0,0,0,0,0,0,0,0
94,0.6717557251908397,0.42174510440115826,0.37845720867184496,0.6687524411731027,0.6717557251908397,0.6982658203775021,0.6717557251908397,0.7093023255813954,0.463964733546986,0.6,0.44466014706875356,86,45,0.70746356,55.411907,56.11937,0,0,0,0,0,0,0,0,0
95,0.6412213740458015,0.41485545780263716,0.37209654301468625,0.6344144594666999,0.6412213740458015,0.6634024471105752,0.6412213740458015,0.6976744186046512,0.4904518426359235,0.5333333333333333,0.3959849707220517,86,45,0.70696676,59.975777,60.682743,0,0,0,0,0,0,0,0,0
96,0.6946564885496184,0.4594553482147394,0.41118445711171636,0.6928343790074172,0.6946564885496184,0.7057847564313082,0.6946564885496184,0.7209302325581395,0.49749703567453013,0.6444444444444445,0.4827290174987469,86,45,0.7067199,62.371338,63.078056,0,0,0,0,0,0,0,0,0
97,0.6793893129770993,0.4259299442850483,0.37943504978733755,0.67826607436692,0.6793893129770993,0.698545630610848,0.6793893129770993,0.6931818181818182,0.5081547454803866,0.6511627906976745,0.3803855062508618,88,43,0.7068796,59.41209,60.11897,0,0,0,0,0,0,0,0,0
98,0.6717557251908397,0.40348263369466725,0.3541462751749054,0.6732190575013733,0.6717557251908397,0.6959242448372882,0.6717557251908397,0.7272727272727273,0.5415469257391228,0.5581395348837209,0.29528895508381875,88,43,0.70469725,56.754215,57.45891,0,0,0,0,0,0,0,0,0
99,0.648854961832061,0.40991844807261035,0.3706366121446563,0.6456798415930256,0.648854961832061,0.6634939238788478,0.648854961832061,0.7272727272727273,0.5684529981492585,0.4883720930232558,0.2300396701567712,88,43,0.70529985,60.645115,61.350414,0,0,0,0,0,0,0,0,0
100,0.648854961832061,0.3786227835524674,0.32870561620984134,0.6500817336956181,0.648854961832061,0.6757323525616208,0.648854961832061,0.7045454545454546,0.4967436219605563,0.5348837209302325,0.22473460193806438,88,43,0.70418966,57.901184,58.605373,0,0,0,0,0,0,0,0,0
101,0.7099236641221374,0.4718799254639135,0.42455772805019304,0.7068731359714966,0.7099236641221375,0.7228988731440731,0.7099236641221374,0.7159090909090909,0.5755126850608767,0.6976744186046512,0.43907518432299586,88,43,0.7082971,59.63849,60.346786,0,0,0,0,0,0,0,0,0
102,0.6259541984732825,0.3554565593581725,0.2953963274832416,0.6280004478280339,0.6259541984732825,0.6627136752136752,0.6259541984732825,0.7045454545454546,0.5235238951698089,0.46511627906976744,0.20686320752961415,88,43,0.71040905,61.343708,62.054115,0,0,0,0,0,0,0,0,0
103,0.7175572519083969,0.46301510041030214,0.43187667817312086,0.7170004359255493,0.7175572519083968,0.7284767778712269,0.7175572519083969,0.7840909090909091,0.6080537466346235,0.5813953488372093,0.2991446806723889,88,43,0.70920926,57.25226,57.961468,0,0,0,0,0,0,0,0,0
104,0.6564885496183206,0.4150569600196264,0.3624863987115795,0.6536059985212528,0.6564885496183206,0.6825112297652343,0.6564885496183206,0.7272727272727273,0.5600196151372692,0.5116279069767442,0.246252175139154,88,43,0.7131267,62.714294,63.42742,0,0,0,0,0,0,0,0,0
105,0.6564885496183206,0.43729648775454144,0.3905674424741548,0.6522547971700514,0.6564885496183206,0.6782743357100762,0.6564885496183206,0.7272727272727273,0.5669759626988766,0.5116279069767442,0.26001230479115245,88,43,0.7047719,59.095654,59.800426,0,0,0,0,0,0,0,0,0
106,0.6564885496183206,0.3981007693864492,0.3514260712492033,0.6532581453634085,0.6564885496183206,0.6739718614718614,0.6564885496183206,0.7045454545454546,0.5333480740426089,0.5581395348837209,0.2792405551202721,88,43,0.7100755,62.256897,62.966972,0,0,0,0,0,0,0,0,0
107,0.648854961832061,0.4023559256259443,0.36270137006925623,0.6456270215713991,0.648854961832061,0.6719696969696969,0.648854961832061,0.7,0.4919795901886426,0.5365853658536586,0.300519699597469,90,41,0.70832175,53.80601,54.51433,0,0,0,0,0,0,0,0,0
108,0.6412213740458015,0.37501501302902046,0.3201520800400979,0.6436671325229921,0.6412213740458015,0.660747650282534,0.6412213740458015,0.6555555555555556,0.44112171442870673,0.6097560975609756,0.3511266263035764,90,41,0.70767397,62.636692,63.344364,0,0,0,0,0,0,0,0,0
109,0.6870229007633588,0.44820058792880463,0.40364237678000553,0.6823600985385667,0.6870229007633588,0.6960036410617806,0.6870229007633588,0.7333333333333333,0.5438908070901638,0.5853658536585366,0.3557570535698068,90,41,0.7127764,65.4439,66.15668,0,0,0,0,0,0,0,0,0
110,0.6717557251908397,0.3992875509978807,0.35227694456759684,0.6747859247036072,0.6717557251908397,0.697061191626409,0.6717557251908397,0.6989247311827957,0.4765525824160627,0.6052631578947368,0.39652295155446127,93,38,0.70307624,58.958992,59.662067,0,0,0,0,0,0,0,0,0
111,0.6641221374045801,0.3951229672267996,0.3464596742269855,0.6674654950517019,0.6641221374045801,0.690108423231993,0.6641221374045801,0.7311827956989247,0.5355599340155073,0.5,0.2561652034513203,93,38,0.7092454,65.94227,66.65151,0,0,0,0,0,0,0,0,0
112,0.648854961832061,0.4041232578350966,0.356348055157835,0.6468498779295156,0.648854961832061,0.6726258376924854,0.648854961832061,0.7052631578947368,0.529719808169498,0.5,0.2768930661185438,95,36,0.7063515,59.681072,60.387424,0,0,0,0,0,0,0,0,0
113,0.7022900763358778,0.43642805215337455,0.4025738467599499,0.7015319362869399,0.7022900763358778,0.7124072199730095,0.7022900763358778,0.7368421052631579,0.4817003233516741,0.6111111111111112,0.40598097649401205,95,36,0.7114288,65.883446,66.59487,0,0,0,0,0,0,0,0,0
114,0.6946564885496184,0.42001655456205034,0.3851812800999855,0.6934191290084866,0.6946564885496184,0.704391891891892,0.6946564885496184,0.7473684210526316,0.5169703660745851,0.5555555555555556,0.34174295415786654,95,36,0.7062338,66.441025,67.147255,0,0,0,0,0,0,0,0,0
115,0.7175572519083969,0.4525068101404673,0.4223468114891061,0.7182982927356365,0.7175572519083968,0.7334165154264973,0.7175572519083969,0.8,0.5807428805856237,0.5,0.31390412327712586,95,36,0.7100987,67.770874,68.48097,0,0,0,0,0,0,0,0,0
116,0.6412213740458015,0.39427503375754885,0.34232161127393523,0.6406399922489585,0.6412213740458015,0.6611916264090177,0.6412213740458015,0.6947368421052632,0.48671518033459,0.5,0.33163596324602196,95,36,0.70949835,64.222885,64.93238,0,0,0,0,0,0,0,0,0
117,0.6564885496183206,0.40953864525843314,0.36778644041886416,0.6542076585693124,0.6564885496183206,0.6760989010989011,0.6564885496183206,0.7128712871287128,0.5011693062906944,0.4666666666666667,0.307783170520678,101,30,0.71227366,59.22155,59.933823,0,0,0,0,0,0,0,0,0
118,0.6641221374045801,0.4037800260517688,0.3530786364825934,0.664468248399521,0.6641221374045801,0.6904768404768404,0.6641221374045801,0.7227722772277227,0.45332205022871025,0.5333333333333333,0.4158234467847984,101,30,0.7118311,62.283783,62.995613,0,0,0,0,0,0,0,0,0
119,0.6564885496183206,0.4020378059830832,0.35641660050626633,0.6537384285250891,0.6564885496183206,0.6718180543874404,0.6564885496183206,0.7227722772277227,0.4603663883854324,0.5,0.4111417757630864,101,30,0.7123266,64.859085,65.57141,0,0,0,0,0,0,0,0,0
120,0.6793893129770993,0.40840580575413654,0.35856152217289533,0.6801243781094527,0.6793893129770993,0.6969767441860464,0.6793893129770993,0.7227722772277227,0.44398842546802536,0.5333333333333333,0.43219856370891274,101,30,0.7116907,63.491886,64.203575,0,0,0,0,0,0,0,0,0
121,0.648854961832061,0.3759074705425305,0.32174875830045063,0.6465123259592684,0.648854961832061,0.6701843664609621,0.648854961832061,0.7029702970297029,0.43789273279137897,0.4666666666666667,0.29500066379097717,101,30,0.7153381,63.28821,64.00355,0,0,0,0,0,0,0,0,0
122,0.6793893129770993,0.4256559160601702,0.37263992334951607,0.6827563189034691,0.6793893129770993,0.7053550037311968,0.6793893129770993,0.7029702970297029,0.45153518864415376,0.6,0.4300623202156992,101,30,0.7111065,62.565388,63.276493,0,0,0,0,0,0,0,0,0
123,0.7099236641221374,0.45464268596222995,0.4237501691866796,0.7080536890461805,0.7099236641221375,0.7238053613053614,0.7099236641221374,0.7326732673267327,0.4887365846269847,0.6333333333333333,0.4757136031426663,101,30,0.7061213,64.253555,64.95968,0,0,0,0,0,0,0,0,0
124,0.6717557251908397,0.41405638585336996,0.3669926447705423,0.6719022442645706,0.6717557251908397,0.6939095928226362,0.6717557251908397,0.7029702970297029,0.4644359731503422,0.5666666666666667,0.3762367111386274,101,30,0.70685333,57.539516,58.24637,0,0,0,0,0,0,0,0,0
125,0.6412213740458015,0.3796340720198371,0.3260452664699791,0.6438258060085612,0.6412213740458015,0.662810089639358,0.6412213740458015,0.7128712871287128,0.4684518659321356,0.4666666666666667,0.3565099981155977,101,30,0.7104403,62.78662,63.497063,0,0,0,0,0,0,0,0,0
126,0.6717557251908397,0.40200461397203335,0.3615964122331124,0.6720338089681197,0.6717557251908397,0.694376026272578,0.6717557251908397,0.7227722772277227,0.4776642273906554,0.5333333333333333,0.4350474612106401,101,30,0.711772,60.948257,61.66003,0,0,0,0,0,0,0,0,0
127,0.6641221374045801,0.4122906982893534,0.3644878364676083,0.662149484751316,0.6641221374045801,0.6829402398367916,0.6641221374045801,0.7029702970297029,0.4605326334115128,0.5333333333333333,0.4226326702718169,101,30,0.70691544,60.19762,60.904537,0,0,0,0,0,0,0,0,0
128,0.648854961832061,0.40911020358967237,0.36349522386624245,0.6454980404132946,0.648854961832061,0.6723219547576953,0.648854961832061,0.6732673267326733,0.4513269523070838,0.5666666666666667,0.42687397093396245,101,30,0.70761436,60.980637,61.68825,0,0,0,0,0,0,0,0,0
129,0.6564885496183206,0.42770518249718376,0.3763842624895155,0.6544144438441533,0.6564885496183206,0.6783054908054907,0.6564885496183206,0.6732673267326733,0.4491432379765355,0.6,0.4679600782948108,101,30,0.70973873,59.00347,59.71321,0,0,0,0,0,0,0,0,0
130,0.7175572519083969,0.4402256682116983,0.4096829798638594,0.7181327186086879,0.7175572519083968,0.7351114065651935,0.7175572519083969,0.7326732673267327,0.46150616187788224,0.6666666666666666,0.501935922647728,101,30,0.7065775,59.099907,59.806484,0,0,0,0,0,0,0,0,0
131,0.6946564885496184,0.42035378125714307,0.3838769157037264,0.6960252869657529,0.6946564885496184,0.7165818150391654,0.6946564885496184,0.7425742574257426,0.5079572226984814,0.5333333333333333,0.29323637691625837,101,30,0.7062418,58.237854,58.944096,0,0,0,0,0,0,0,0,0
132,0.6870229007633588,0.4529498568543855,0.4161401445868835,0.6838305012850263,0.6870229007633588,0.7012545556490047,0.6870229007633588,0.7524752475247525,0.5275507060395048,0.5333333333333333,0.36925438000006905,101,30,0.7091562,65.28058,65.98974,0,0,0,0,0,0,0,0,0
133,0.6870229007633588,0.4319378787470064,0.39345121703892766,0.6875079453360877,0.6870229007633588,0.7035326086956522,0.6870229007633588,0.7425742574257426,0.49340721454069825,0.5,0.35861406168683746,101,30,0.7057537,63.68052,64.38628,0,0,0,0,0,0,0,0,0
134,0.6793893129770993,0.4575023802957239,0.4072307113902852,0.6747493734335839,0.6793893129770993,0.6942640692640693,0.6793893129770993,0.6831683168316832,0.49191444063008766,0.6666666666666666,0.535286597690203,101,30,0.70888287,65.293686,66.00257,0,0,0,0,0,0,0,0,0
135,0.6870229007633588,0.42180926002357655,0.3811010880116223,0.6876616915422885,0.6870229007633588,0.7035049833887044,0.6870229007633588,0.7227722772277227,0.4662740067965153,0.5666666666666667,0.4489785731690906,101,30,0.70883864,61.62128,62.33012,0,0,0,0,0,0,0,0,0
136,0.6717557251908397,0.3848194127092764,0.32957110019500807,0.673549257759784,0.6717557251908397,0.7021969696969697,0.6717557251908397,0.7425742574257426,0.47260933277505723,0.43333333333333335,0.28663244353805617,101,30,0.7105582,62.463585,63.174145,0,0,0,0,0,0,0,0,0
137,0.6717557251908397,0.41667224332631286,0.3728928904712015,0.6676595143986448,0.6717557251908397,0.6882990132990133,0.6717557251908397,0.7029702970297029,0.4484686752772153,0.5666666666666667,0.4067102755227688,101,30,0.7080036,60.17519,60.883194,0,0,0,0,0,0,0,0,0
138,0.6335877862595419,0.3814597722528628,0.33156036250309767,0.6299307110116192,0.6335877862595419,0.6621447028423773,0.6335877862595419,0.7128712871287128,0.47036510485065786,0.5333333333333333,0.37967508140935907,101,30,0.70893574,57.44675,58.155685,0,0,0,0,0,0,0,0,0
139,0.648854961832061,0.4041232578350966,0.356348055157835,0.6468498779295156,0.648854961832061,0.6726258376924854,0.648854961832061,0.6764705882352942,0.4760811038021256,0.5517241379310345,0.33706077727910183,102,29,0.7103101,66.16696,66.87727,0,0,0,0,0,0,0,0,0
140,0.6564885496183206,0.429777114863446,0.3840555648918417,0.6554991184304311,0.6564885496183206,0.6741119719267273,0.6564885496183206,0.6601941747572816,0.4808954108384576,0.6428571428571429,0.45923407586309944,103,28,0.7088922,68.55793,69.26682,0,0,0,0,0,0,0,0,0
141,0.648854961832061,0.390893295657165,0.3416867791708843,0.6506048225586798,0.648854961832061,0.6720224897054166,0.648854961832061,0.6990291262135923,0.48423599749148666,0.4642857142857143,0.3166689998475775,103,28,0.70848775,59.236465,59.944954,0,0,0,0,0,0,0,0,0
142,0.6870229007633588,0.4077308319662845,0.3632599232655037,0.6863259940056734,0.6870229007633588,0.7079876319006753,0.6870229007633588,0.7281553398058253,0.4860467270731448,0.5357142857142857,0.3964885576237123,103,28,0.7088957,66.51274,67.221634,0,0,0,0,0,0,0,0,0
143,0.6641221374045801,0.40389770999735664,0.34646523396433193,0.6643269274453683,0.6641221374045801,0.6898703887834323,0.6641221374045801,0.6761904761904762,0.42263158504221926,0.6153846153846154,0.43776493171407316,105,26,0.7099448,61.747505,62.45745,0,0,0,0,0,0,0,0,0
144,0.6564885496183206,0.4320165492871453,0.37767972152909046,0.651426442410049,0.6564885496183206,0.6699712643678161,0.6564885496183206,0.6952380952380952,0.5283655155526533,0.5384615384615384,0.346500620714362,105,26,0.70944136,65.564835,66.27428,0,0,0,0,0,0,0,0,0
145,0.7022900763358778,0.4159670896886071,0.37663414245918875,0.7037708609811972,0.7022900763358778,0.7232841232841233,0.7022900763358778,0.7333333333333333,0.47694758639435747,0.5769230769230769,0.36834894375826105,105,26,0.706751,62.02675,62.7335,0,0,0,0,0,0,0,0,0
146,0.648854961832061,0.4041636454555721,0.34667902357359787,0.6462850113657621,0.648854961832061,0.6784456025497458,0.648854961832061,0.6952380952380952,0.4788224349527886,0.46153846153846156,0.28451117243612306,105,26,0.7097887,61.6632,62.37299,0,0,0,0,0,0,0,0,0
147,0.6641221374045801,0.3875024285261239,0.3458405562419904,0.6640144061966429,0.6641221374045801,0.686245944971765,0.6641221374045801,0.7047619047619048,0.4410000741135704,0.5,0.29630715812548875,105,26,0.7083486,63.908913,64.61726,0,0,0,0,0,0,0,0,0
148,0.6641221374045801,0.4017547367996566,0.358225990697024,0.6624294593472675,0.6641221374045801,0.6878484320557492,0.6641221374045801,0.6857142857142857,0.42952856601700246,0.5769230769230769,0.4168222218886704,105,26,0.70712525,62.30108,63.008205,0,0,0,0,0,0,0,0,0
149,0.6564885496183206,0.3565029111222248,0.30963532102197117,0.6595238095238095,0.6564885496183206,0.6758646616541353,0.6564885496183206,0.6761904761904762,0.3905493185089882,0.5769230769230769,0.34091472220730434,105,26,0.7041193,61.20595,61.910072,0,0,0,0,0,0,0,0,0
150,0.6946564885496184,0.4621673111839434,0.42514370593635403,0.6913952547017064,0.6946564885496184,0.7095238095238096,0.6946564885496184,0.7238095238095238,0.5140420522210207,0.5769230769230769,0.4098713728436985,105,26,0.7081833,63.808434,64.51662,0,0,0,0,0,0,0,0,0
151,0.6641221374045801,0.3944693612246812,0.3518451210772644,0.6629879879879881,0.6641221374045801,0.6845238095238095,0.6641221374045801,0.6886792452830188,0.4828941384287198,0.56,0.30534662030302395,106,25,0.711009,62.886253,63.597263,0,0,0,0,0,0,0,0,0
152,0.648854961832061,0.4332325609813623,0.3917824059163219,0.6396181630546955,0.648854961832061,0.6706338719420115,0.648854961832061,0.6981132075471698,0.5440213651455573,0.44,0.18238553963997145,106,25,0.70682496,69.04876,69.755585,0,0,0,0,0,0,0,0,0
153,0.6717557251908397,0.3980666231970973,0.3409249312892977,0.6713471548789627,0.6717557251908397,0.7015385610766045,0.6717557251908397,0.7075471698113207,0.4726760631589435,0.52,0.2964346025445935,106,25,0.7112993,66.77735,67.48865,0,0,0,0,0,0,0,0,0
154,0.6564885496183206,0.42679876503488584,0.388786598424726,0.6537159936616458,0.6564885496183206,0.6700209137709138,0.6564885496183206,0.6792452830188679,0.5052303890431094,0.56,0.32605941220212714,106,25,0.70750743,70.54242,71.24992,0,0,0,0,0,0,0,0,0
155,0.6564885496183206,0.4047113322849779,0.34977642742490256,0.6576095410941145,0.6564885496183206,0.6821942359699797,0.6564885496183206,0.7075471698113207,0.4945971057991622,0.48,0.21196387558397975,106,25,0.7060309,69.42309,70.12912,0,0,0,0,0,0,0,0,0
156,0.6564885496183206,0.4145851827757708,0.36640842260678513,0.656550706395538,0.6564885496183206,0.6837250712250712,0.6564885496183206,0.6886792452830188,0.4790012759857766,0.52,0.30754154486718427,106,25,0.7100878,63.815983,64.52607,0,0,0,0,0,0,0,0,0
157,0.6870229007633588,0.4160606430005875,0.37313752716591003,0.6882369557992689,0.6870229007633588,0.7062166236003444,0.6870229007633588,0.7169811320754716,0.5006269665467702,0.6,0.3174618151287715,106,25,0.7033696,63.82314,64.52651,0,0,0,0,0,0,0,0,0
158,0.6717557251908397,0.42257758548389585,0.3780077816982973,0.6735215942406454,0.6717557251908397,0.6947219447219447,0.6717557251908397,0.6972477064220184,0.4561364229384404,0.5454545454545454,0.35326191630127196,109,22,0.70674133,59.198383,59.905125,0,0,0,0,0,0,0,0,0
159,0.6641221374045801,0.37939118371454905,0.3278083874000006,0.6646603500051775,0.6641221374045801,0.6885829749960184,0.6641221374045801,0.6880733944954128,0.4321011052088413,0.7272727272727273,0.45950369387593104,109,22,0.70938027,65.61829,66.327675,0,0,0,0,0,0,0,0,0
160,0.6870229007633588,0.46383482598906167,0.4254719483494799,0.6846866656685879,0.6870229007633588,0.7026265068685169,0.6870229007633588,0.7064220183486238,0.5229193893185482,0.5909090909090909,0.33688173414563644,109,22,0.7129617,60.529648,61.24261,0,0,0,0,0,0,0,0,0
161,0.648854961832061,0.40665104891265963,0.3520239652748768,0.6468175285414357,0.648854961832061,0.6750631313131312,0.648854961832061,0.6972477064220184,0.4917589992346712,0.5909090909090909,0.354590748113916,109,22,0.708796,66.83942,67.54821,0,0,0,0,0,0,0,0,0
162,0.7099236641221374,0.4422995323483244,0.4073972481568037,0.7092537313432836,0.7099236641221375,0.7236046511627907,0.7099236641221374,0.7431192660550459,0.48878391952002787,0.5454545454545454,0.37987968412009904,109,22,0.70996034,66.2733,66.98326,0,0,0,0,0,0,0,0,0
163,0.648854961832061,0.40700382431750726,0.35758771706786485,0.6471861471861471,0.648854961832061,0.6745405179615707,0.648854961832061,0.6846846846846847,0.4667949401809944,0.45,0.30394262479252177,111,20,0.7057996,60.97802,61.68382,0,0,0,0,0,0,0,0,0
164,0.6412213740458015,0.3829880090218965,0.3286523391416977,0.6427671754106243,0.6412213740458015,0.6665056360708534,0.6412213740458015,0.6756756756756757,0.4387880990883913,0.45,0.3403729077273825,111,20,0.7077649,64.54161,65.249374,0,0,0,0,0,0,0,0,0
165,0.648854961832061,0.41583395529936207,0.35142800390100526,0.6512084866657579,0.648854961832061,0.67796132252654,0.648854961832061,0.6756756756756757,0.4460627022757499,0.5,0.35448301341231164,111,20,0.7026201,65.604675,66.3073,0,0,0,0,0,0,0,0,0
166,0.6641221374045801,0.39829247808039137,0.35522484237796476,0.6657541754973155,0.6641221374045801,0.6814498485760415,0.6641221374045801,0.7117117117117117,0.46047813935092186,0.45,0.3125183400896857,111,20,0.7076179,66.82974,67.53736,0,0,0,0,0,0,0,0,0
167,0.6717557251908397,0.42123828019689746,0.3787530786579912,0.6689497716894978,0.6717557251908397,0.6886614401858304,0.6717557251908397,0.6846846846846847,0.45008400630716033,0.6,0.43964590319116337,111,20,0.70104593,70.1824,70.883446,0,0,0,0,0,0,0,0,0
168,0.6793893129770993,0.40699371185215566,0.36535366885064435,0.6794490507089642,0.6793893129770993,0.7009166138739309,0.6793893129770993,0.7387387387387387,0.48328346347162426,0.45,0.27942011493921254,111,20,0.7081214,67.22512,67.93324,0,0,0,0,0,0,0,0,0
169,0.6259541984732825,0.3819190135904184,0.3361880722455722,0.6218483134332025,0.6259541984732825,0.6478513356562137,0.6259541984732825,0.6666666666666666,0.4420562675158289,0.45,0.3125183400896857,111,20,0.71255034,69.229416,69.94196,0,0,0,0,0,0,0,0,0
170,0.6412213740458015,0.3829118637864797,0.3307760673127242,0.6407749858836815,0.6412213740458015,0.6666505791505791,0.6412213740458015,0.6846846846846847,0.44924293518140856,0.45,0.3253870632953691,111,20,0.70656806,66.247894,66.95446,0,0,0,0,0,0,0,0,0
171,0.6412213740458015,0.3830783329761711,0.3399433771402586,0.6406291083710438,0.6412213740458015,0.6482910906298003,0.6412213740458015,0.6846846846846847,0.44424398769946477,0.5,0.3639729824258392,111,20,0.705353,66.04523,66.75058,0,0,0,0,0,0,0,0,0
172,0.6335877862595419,0.4007522706122577,0.35205728070169356,0.6324004683840749,0.6335877862595419,0.6530444997819328,0.6335877862595419,0.6756756756756757,0.4700120139096815,0.45,0.29781338413110914,111,20,0.7112544,63.681175,64.39243,0,0,0,0,0,0,0,0,0
173,0.7099236641221374,0.4519099232795148,0.4092350298802974,0.7085366807962843,0.7099236641221375,0.7189102564102565,0.7099236641221374,0.7567567567567568,0.5167224624948689,0.45,0.28515983087841074,111,20,0.710704,67.005806,67.71651,0,0,0,0,0,0,0,0,0
174,0.6183206106870229,0.3752452305717574,0.3193190332237621,0.6196605644546148,0.6183206106870229,0.6427474552474552,0.6183206106870229,0.6666666666666666,0.4223802892225371,0.5,0.3042747234879056,111,20,0.7111249,66.495575,67.2067,0,0,0,0,0,0,0,0,0
175,0.7022900763358778,0.4361482958238736,0.39954186603743713,0.7028865366660679,0.7022900763358778,0.722272557770967,0.7022900763358778,0.7657657657657657,0.5286869694088339,0.45,0.18821231042861264,111,20,0.7112046,67.54065,68.251854,0,0,0,0,0,0,0,0,0
176,0.6717557251908397,0.4055600326287215,0.3611708294513777,0.6711174265255444,0.6717557251908397,0.6923791486291486,0.6717557251908397,0.7207207207207207,0.4940640535973684,0.55,0.3249907131941954,111,20,0.7019936,66.942375,67.64437,0,0,0,0,0,0,0,0,0
177,0.6717557251908397,0.39193854714692467,0.342919694129601,0.6757967410509782,0.6717557251908397,0.6987433862433863,0.6717557251908397,0.6460176991150443,0.374605691306418,0.8333333333333334,0.6791179465540399,113,18,0.70472497,60.447285,61.152008,0,0,0,0,0,0,0,0,0
178,0.6870229007633588,0.43132704978705777,0.39391420766499363,0.687583819605941,0.6870229007633588,0.7091269841269842,0.6870229007633588,0.7256637168141593,0.46965876868266265,0.5,0.39004880045160856,113,18,0.7070192,58.97054,59.67756,0,0,0,0,0,0,0,0,0
179,0.648854961832061,0.38914333255048267,0.3379945866216964,0.6462651318307249,0.648854961832061,0.6672713156408808,0.648854961832061,0.6637168141592921,0.4013827825724546,0.5555555555555556,0.4593637590541008,113,18,0.7080447,68.38576,69.0938,0,0,0,0,0,0,0,0,0
180,0.6183206106870229,0.36520639452177195,0.31302100181411785,0.6200560203073614,0.6183206106870229,0.641292665049682,0.6183206106870229,0.6548672566371682,0.3876165060484686,0.5,0.38822674405988633,113,18,0.7081456,59.46306,60.171204,0,0,0,0,0,0,0,0,0
181,0.6641221374045801,0.4023291029374172,0.36274781790143534,0.6635909387855995,0.6641221374045801,0.6757627765064835,0.6641221374045801,0.6991150442477876,0.42161595000573865,0.5,0.40217719736923485,113,18,0.7072297,62.73551,63.44274,0,0,0,0,0,0,0,0,0
182,0.6870229007633588,0.4440044005666492,0.4055864604739743,0.6859948152137159,0.6870229007633588,0.7060823754789272,0.6870229007633588,0.6902654867256637,0.46616209490673355,0.7777777777777778,0.6636367731249629,113,18,0.7072656,58.17949,58.886753,0,0,0,0,0,0,0,0,0
183,0.648854961832061,0.380437506746022,0.33273133908452385,0.6456520927707368,0.648854961832061,0.675251597987216,0.648854961832061,0.6548672566371682,0.3883068235972814,0.6111111111111112,0.4032134578581726,113,18,0.7091274,63.50588,64.215004,0,0,0,0,0,0,0,0,0
184,0.6641221374045801,0.4042819548839864,0.36022289282674624,0.6660888245748595,0.6641221374045801,0.6834676411794103,0.6641221374045801,0.6902654867256637,0.4271297603427946,0.5,0.38604328390565323,113,18,0.7100802,57.996265,58.706345,0,0,0,0,0,0,0,0,0
185,0.6412213740458015,0.37109169104714196,0.31826973241360346,0.6397555490775828,0.6412213740458015,0.6677248677248677,0.6412213740458015,0.6548672566371682,0.3815999401099359,0.6666666666666666,0.5274862677083997,113,18,0.7071387,59.483116,60.190254,0,0,0,0,0,0,0,0,0
186,0.6870229007633588,0.42521511985226773,0.3883213144202103,0.6891044180843786,0.6870229007633588,0.7027590090090091,0.6870229007633588,0.7079646017699115,0.4485080500242901,0.5555555555555556,0.40839093109849517,113,18,0.70458156,62.98433,63.68891,0,0,0,0,0,0,0,0,0
187,0.6717557251908397,0.4105545339764753,0.37079237731659326,0.6716247465289806,0.6717557251908397,0.6896421842805358,0.6717557251908397,0.7079646017699115,0.44347111934408406,0.5,0.3764678018600506,113,18,0.7124279,58.224926,58.937355,0,0,0,0,0,0,0,0,0
188,0.6717557251908397,0.41361939274666254,0.37284682862547364,0.6724970126609471,0.6717557251908397,0.6841968883043934,0.6717557251908397,0.6991150442477876,0.4378709039142566,0.5,0.3034714273484488,113,18,0.70908755,62.543804,63.25289,0,0,0,0,0,0,0,0,0
189,0.6641221374045801,0.41560646480793484,0.367576222501913,0.665663731245923,0.6641221374045801,0.6912020905923345,0.6641221374045801,0.6666666666666666,0.4492011489935493,0.6470588235294118,0.5428669657537187,114,17,0.7050213,66.33015,67.03517,0,0,0,0,0,0,0,0,0
190,0.6335877862595419,0.38474013782915245,0.3279746138787378,0.6328123026398889,0.6335877862595419,0.6614519157425336,0.6335877862595419,0.6754385964912281,0.4441164752743009,0.4117647058823529,0.22025462356950512,114,17,0.7067447,65.67099,66.37773,0,0,0,0,0,0,0,0,0
191,0.6259541984732825,0.3635079021101201,0.31152798427296896,0.6266032470826991,0.6259541984732825,0.6571710579625467,0.6259541984732825,0.6578947368421053,0.410413203152296,0.47058823529411764,0.2276882136367226,114,17,0.70694035,63.829987,64.53693,0,0,0,0,0,0,0,0,0
192,0.6183206106870229,0.3830789465608527,0.3289179721733796,0.6175168146354587,0.6183206106870229,0.6402108711701735,0.6183206106870229,0.6403508771929824,0.4199889049954342,0.47058823529411764,0.3226139923039246,114,17,0.7069241,61.905373,62.612297,0,0,0,0,0,0,0,0,0
193,0.7175572519083969,0.45693305090690806,0.4226443622586118,0.7191699159173497,0.7175572519083968,0.7366300366300367,0.7175572519083969,0.7105263157894737,0.46484760512545054,0.7647058823529411,0.5107564036007504,114,17,0.7065676,63.797615,64.50418,0,0,0,0,0,0,0,0,0
194,0.6717557251908397,0.38723046302756353,0.3439432584749318,0.674075072135997,0.6717557251908397,0.6892399267399267,0.6717557251908397,0.7017543859649122,0.44765569399701227,0.6470588235294118,0.49812993405574946,114,17,0.70723647,64.825195,65.53243,0,0,0,0,0,0,0,0,0
195,0.6335877862595419,0.3881885741021642,0.32570033732751896,0.6342490842490842,0.6335877862595419,0.6644705637611816,0.6335877862595419,0.6578947368421053,0.42873681369557537,0.5294117647058824,0.2559186902723184,114,17,0.7079223,67.48177,68.1897,0,0,0,0,0,0,0,0,0
196,0.6870229007633588,0.4380210372332611,0.3953494329340374,0.6852226334273614,0.6870229007633588,0.7058050745550745,0.6870229007633588,0.6842105263157895,0.45140251327365,0.7058823529411765,0.5138149775724743,114,17,0.7039088,64.96863,65.67254,0,0,0,0,0,0,0,0,0
197,0.6335877862595419,0.37679299899852803,0.3255907240457271,0.6278254274870427,0.6335877862595419,0.656312691373667,0.6335877862595419,0.6403508771929824,0.4009277831966916,0.5882352941176471,0.43064732921876514,114,17,0.7135209,68.40305,69.11658,0,0,0,0,0,0,0,0,0
198,0.6717557251908397,0.43600918629188845,0.3943659358074918,0.6695454999126681,0.6717557251908397,0.6877558172133446,0.6717557251908397,0.7241379310344828,0.47853073696990417,0.6666666666666666,0.5138653782548145,116,15,0.70647985,66.60059,67.307076,0,0,0,0,0,0,0,0,0
199,0.6641221374045801,0.4216709866352299,0.38077484827636965,0.661505410461437,0.6641221374045801,0.6757554192373368,0.6641221374045801,0.7068965517241379,0.4454592411103632,0.6,0.49820795685425867,116,15,0.7054027,63.713516,64.41892,0,0,0,0,0,0,0,0,0
